1748564234.144675,2.1933,1.9883,2.1275,1.8156,1.7724,1.8465,2.1417,1.9276,1.9969,2.5669,2.5049,2.536,1.9271,1.7267,0.8918
1748564234.21606,2.196,1.9846,2.1272,1.8178,1.771,1.8486,2.1498,1.9276,1.9975,2.5919,2.5245,2.56,1.9402,1.7366,0.8934
1748564234.443577,2.1938,1.9832,2.1288,1.8135,1.7713,1.8513,2.1514,1.926,1.9983,2.5454,2.4697,2.5,1.9437,1.745,0.8907
1748564234.5340421,2.1866,1.9787,2.1229,1.8113,1.7664,1.8422,2.1541,1.9263,1.9921,2.5269,2.4447,2.4675,1.9308,1.7366,0.891
1748564234.590485,2.1906,1.9781,2.1275,1.8145,1.7664,1.8503,2.1441,1.9193,1.9883,2.5414,2.4568,2.4888,1.9459,1.756,0.8902
1748564234.672144,2.1962,1.9784,2.1334,1.818,1.7799,1.8696,2.1533,1.9276,1.9996,2.6252,2.5589,2.6019,1.9615,1.7643,0.891
1748564234.785991,2.1968,1.9768,2.1267,1.8285,1.7938,1.8822,2.1796,1.9467,2.013,2.625,2.5591,2.6086,1.9642,1.7517,0.8905
1748564234.900414,2.1995,1.9851,2.1178,1.8575,1.8151,1.8717,2.1549,1.9322,1.9983,1.9325,1.7068,0.8862,1.9365,1.713,0.8916
1748564235.014039,2.2011,1.9832,2.1267,1.8495,1.8041,1.8758,2.1447,1.915,1.9907,2.6314,2.5715,2.6158,1.9574,1.7296,0.8913
1748564235.1284292,2.2422,2.0095,2.2003,1.8989,1.8255,1.9687,2.2054,1.9531,2.0622,2.5664,2.4764,2.5395,2.3891,2.3784,2.5137
1748564235.242018,2.2406,2.0036,2.203,1.8873,1.8102,1.9556,2.196,1.9327,2.0463,2.5782,2.503,2.5771,2.5914,2.608,2.6937
1748564235.355982,2.2215,1.987,2.1664,1.8669,1.8011,1.9107,2.1871,1.9204,2.0036,2.0517,1.8,0.9157,2.4372,2.4729,2.5489
1748564235.4701152,2.2097,1.983,2.1713,1.8489,1.7925,1.9252,2.1659,1.9107,2.0063,2.4874,2.3856,2.4538,2.3131,2.3002,2.4211
1748564235.5845928,2.2064,1.9846,2.1715,1.8457,1.792,1.9222,2.1562,1.9053,2.0007,2.4909,2.3977,2.4638,2.3195,2.3209,2.4431
1748564235.698008,2.2172,1.9846,2.1772,1.868,1.7904,1.9274,2.1662,1.904,2.0007,2.5156,2.4251,2.4944,2.3174,2.3421,2.4627
1748564235.812049,2.2167,1.987,2.1715,1.8669,1.7912,1.922,2.1541,1.8957,1.9942,2.4455,2.3555,2.4157,2.3644,2.1909,1.1379
1748564235.9261818,2.218,1.9907,2.1533,1.8798,1.792,1.8951,2.1823,1.919,1.9958,2.0316,1.7761,0.8972,1.937,1.7409,0.9485
1748564236.040429,2.2086,1.987,2.1294,1.8452,1.7853,1.8516,2.1436,1.908,1.9733,1.9996,1.9099,1.2569,1.951,1.7385,0.902
1748564236.154151,2.2177,1.9875,2.1307,1.8489,1.8078,1.876,2.1592,1.9185,1.9856,1.962,1.7407,0.9165,1.9566,1.7369,0.8967
1748564236.267961,2.2102,1.9843,2.1167,1.8368,1.792,1.8513,2.1495,1.9102,1.9727,1.9384,1.6998,0.9125,1.9464,1.7039,0.9026
1748564236.383786,2.2086,1.9816,2.1127,1.8454,1.7783,1.8433,2.1404,1.9002,1.9601,1.955,1.7869,0.9171,1.9333,1.6928,0.9039
1748564236.496193,2.2089,1.9811,2.1533,1.8395,1.775,1.8965,2.1409,1.8959,1.9832,2.0302,1.8003,0.8907,2.2771,2.189,2.3327
1748564236.609998,2.2046,1.9792,2.1535,1.8317,1.7812,1.9072,2.1353,1.8967,1.9864,2.0316,1.8051,0.9147,2.2255,2.1234,2.2937
1748564236.7244108,2.2091,1.9894,2.1635,1.8247,1.7834,1.9075,2.1439,1.9069,1.9975,2.0461,1.8873,1.1116,2.2156,1.8175,1.5494
1748564236.838037,2.2148,1.9924,2.1181,1.8427,1.8027,1.8605,2.1382,1.883,1.9491,1.9298,1.6735,0.8816,1.93,1.68,0.8945
1748564236.952408,2.2048,1.9891,2.1071,1.8366,1.7904,1.8422,2.1315,1.876,1.9419,1.8997,1.6383,0.8846,1.904,1.6469,0.8924
1748564237.066022,2.2118,1.995,2.1269,1.8347,1.7866,1.8562,2.135,1.8884,1.9569,2.524,2.4528,2.4866,1.9378,1.7004,0.8913
1748564237.18095,2.2094,1.9881,2.1269,1.8323,1.785,1.8586,2.1425,1.8957,1.9706,2.5548,2.4821,2.5113,1.9475,1.7149,0.8916
1748564237.2946339,2.2212,1.9977,2.1385,1.8642,1.7914,1.868,2.1611,1.901,1.9784,2.5516,2.4831,2.5186,1.962,1.7291,0.8948
1748564237.4095511,2.2199,1.9886,2.1374,1.861,1.7917,1.933,2.1557,1.9037,2.0082,2.5409,2.4624,2.5256,2.0609,2.1662,2.3292
1748564237.522942,2.2295,1.9956,2.1962,1.8707,1.7949,1.9462,2.1938,1.9306,2.0375,2.4882,2.3931,2.4649,2.3168,2.3367,2.4743
1748564237.63643,2.2191,1.9848,2.1624,1.8683,1.789,1.9072,2.1793,1.922,2.0157,2.0506,1.8135,0.8894,2.4039,2.4007,2.5014
1748564237.7505422,2.2167,1.977,2.1651,1.8532,1.782,1.9147,2.2169,1.9633,2.0587,2.0622,1.8435,0.9652,2.4345,2.4743,2.5524
1748564237.864786,2.3598,2.0977,2.298,2.0619,1.9628,2.0622,2.409,2.1876,2.2357,2.1941,1.9588,0.8851,2.4541,2.5148,2.5844
1748564237.9785979,2.3048,2.0673,2.2027,1.9988,1.9013,1.9867,2.3711,2.1565,2.1868,2.0533,1.8543,0.9163,2.0004,1.8443,1.2829
1748564238.0934222,2.3131,2.0407,2.2304,1.991,1.8841,1.991,2.3386,2.0936,2.1664,2.1457,1.8863,0.8932,2.3835,2.4383,2.5194
1748564238.20645,2.2723,2.0198,2.1833,1.9381,1.8427,1.9496,2.2674,2.001,2.1028,2.6717,2.6,2.7211,2.5632,2.5865,2.6988
1748564238.320281,2.2889,2.0141,2.2091,1.9467,1.861,1.9738,2.2806,2.0069,2.0947,2.1385,1.8707,0.9133,2.5892,2.6462,2.7077
1748564238.434531,2.2766,2.0173,2.1898,1.9448,1.865,1.9714,2.2586,1.9816,2.0622,2.117,1.8419,0.8889,2.4923,2.5433,2.6064
1748564238.5488472,2.2634,2.0085,2.1742,1.9171,1.8433,1.9451,2.2446,1.9749,2.0531,2.0885,1.8065,0.8894,2.5538,2.618,2.6607
1748564238.662318,2.2567,2.0047,2.1782,1.9209,1.8366,1.9432,2.2406,1.9835,2.0617,2.0676,1.8231,0.8873,2.4364,2.4901,2.56
1748564238.7765,2.2494,1.9958,2.1785,1.9077,1.8304,1.9475,2.2513,1.991,2.0622,2.1011,1.8438,0.8907,2.4082,2.4563,2.539
1748564238.892802,2.2373,1.9899,2.1683,1.9045,1.8167,1.9308,2.2441,1.9856,2.0587,2.0622,1.8245,0.8848,2.3265,2.3859,2.4665
1748564239.005014,2.2317,1.9873,2.1653,1.897,1.8078,1.9212,2.2244,1.9698,2.0429,2.0622,1.8242,0.9012,2.3507,2.406,2.4888
1748564239.119502,2.2255,1.9821,2.1557,1.8876,1.8008,1.9139,2.2048,1.9486,2.0241,2.0603,1.8285,0.9861,2.3179,2.3781,2.4603
1748564239.2324522,2.2285,1.9813,2.1605,1.8844,1.7928,1.9112,2.211,1.9537,2.0321,2.0622,1.8169,0.9015,2.3432,2.413,2.4955
1748564239.3470988,2.2277,1.9781,2.1549,1.8865,1.7933,1.9077,2.2056,1.9472,2.0249,2.0501,1.803,0.8862,2.3335,2.399,2.474
1748564239.4610171,2.2304,1.976,2.1538,1.8986,1.7984,1.9147,2.2234,1.9693,2.0571,2.0622,1.8169,0.887,2.3354,2.4063,2.4896
1748564239.574731,2.2239,1.976,2.1527,1.8854,1.7933,1.9059,2.215,1.9633,2.0504,2.0496,1.7987,0.8889,2.2731,2.3467,2.4297
1748564239.6882539,2.222,1.9854,2.1559,1.8801,1.7973,1.9021,2.1925,1.947,2.0321,2.0364,1.7914,0.8862,2.2363,2.3109,2.4007
1748564239.8024619,2.2156,1.9779,2.1522,1.8688,1.7917,1.8983,2.1817,1.9333,2.0176,2.0321,1.7898,0.8897,2.2306,2.3064,2.3923
1748564239.917435,2.2129,1.9744,2.1487,1.8658,1.7898,1.8962,2.1742,1.922,2.0095,2.027,1.7871,0.9104,2.2207,2.2951,2.3848
1748564240.03053,2.2137,1.9789,2.1492,1.8731,1.7944,1.8975,2.1739,1.9209,2.0036,2.0249,1.7807,0.8856,2.2175,2.2951,2.3832
1748564240.1442618,2.2145,1.977,2.1479,1.8777,1.796,1.8981,2.1772,1.9257,2.0036,2.034,1.7882,0.8867,2.2336,2.3088,2.3993
1748564240.2586062,2.2107,1.973,2.1439,1.8715,1.7928,1.8959,2.1761,1.9212,2.0036,2.031,1.7863,0.8848,2.2406,2.3099,2.4004
1748564240.372213,2.2075,1.973,2.1404,1.8683,1.7904,1.8943,2.167,1.9185,1.9988,2.0238,1.7804,0.8854,2.2295,2.3013,2.3848
1748564240.4873931,2.2089,1.9722,2.1385,1.8693,1.7914,1.8938,2.1801,1.9303,2.0128,2.0246,1.781,0.8881,2.2226,2.2959,2.3835
1748564240.601116,2.2067,1.9711,2.1363,1.8664,1.7906,1.8914,2.1734,1.9244,2.0087,2.0189,1.775,0.8883,2.2164,2.2873,2.3735
1748564240.715318,2.2056,1.9714,2.1326,1.865,1.7904,1.8879,2.1726,1.9214,2.0036,2.0176,1.7699,0.8873,2.2075,2.2819,2.3703
1748564240.829121,2.2059,1.9674,2.1334,1.8658,1.7882,1.8873,2.1729,1.9233,2.0023,2.0208,1.7742,0.8867,2.2097,2.2849,2.3759
1748564240.94297,2.2048,1.9676,2.1337,1.865,1.7866,1.8879,2.1718,1.9217,2.0007,2.0206,1.7756,0.8867,2.2145,2.2897,2.3778
1748564241.056215,2.204,1.9658,2.1315,1.8613,1.7844,1.8871,2.1718,1.9247,2.0036,2.0152,1.7699,0.8881,2.2056,2.2822,2.3708
1748564241.170361,2.2035,1.9671,2.132,1.8605,1.7828,1.8825,2.168,1.9193,1.9985,2.0128,1.7683,0.8854,2.2081,2.2825,2.3719
1748564241.2842429,2.2046,1.9671,2.1345,1.8621,1.7847,1.8852,2.1694,1.9214,1.9983,2.0189,1.7767,0.8864,2.2234,2.2954,2.3851
1748564241.398518,2.2046,1.9668,2.1323,1.8632,1.7842,1.8844,2.1793,1.9325,2.0047,2.0203,1.7721,0.8905,2.218,2.2886,2.3773
1748564241.512471,2.203,1.9682,2.1328,1.8629,1.7828,1.8825,2.1745,1.926,2.0015,2.016,1.7694,0.8889,2.2129,2.2854,2.3733
1748564241.62704,2.2021,1.9671,2.1291,1.858,1.7801,1.8814,2.1645,1.9166,1.9907,2.0112,1.7656,0.8881,2.2059,2.2814,2.3682
1748564241.740675,2.2035,1.966,2.1291,1.8583,1.7788,1.8785,2.1632,1.9145,1.9875,2.0128,1.7648,0.8878,2.2048,2.2779,2.366
1748564241.85454,2.2016,1.9655,2.1296,1.8562,1.775,1.8766,2.1594,1.9118,1.9875,2.009,1.7651,0.8848,2.2048,2.2776,2.3625
1748564241.968631,2.1979,1.9636,2.1272,1.8556,1.7764,1.8785,2.1535,1.9099,1.9851,2.0114,1.7659,0.8864,2.2148,2.2857,2.3727
1748564242.082425,2.2019,1.9631,2.1285,1.8567,1.7764,1.8803,2.1576,1.9099,1.9867,2.013,1.7673,0.8854,2.222,2.2873,2.3781
1748564242.196293,2.2048,1.9631,2.1304,1.8586,1.7767,1.8801,2.1616,1.9112,1.9886,2.0187,1.7705,0.8856,2.2279,2.2948,2.384
1748564242.310376,2.2056,1.962,2.1304,1.8554,1.7758,1.8798,2.1565,1.9115,1.9848,2.0155,1.7691,0.8851,2.2301,2.2975,2.3848
1748564242.49475,2.2027,1.9623,2.1323,1.8537,1.7732,1.8779,2.1546,1.908,1.9832,2.0122,1.7678,0.8835,2.2172,2.2854,2.3735
1748564242.5386639,2.2019,1.9615,2.1307,1.8516,1.7742,1.8747,2.1527,1.9072,1.9808,2.0104,1.7675,0.883,2.2134,2.279,2.3641
1748564242.6525939,2.2035,1.9628,2.1283,1.8529,1.7767,1.8768,2.1533,1.9059,1.9803,2.0117,1.7673,0.8827,2.2107,2.2811,2.366
1748564242.76648,2.2021,1.9625,2.1285,1.8516,1.7732,1.8755,2.1516,1.904,1.977,2.0106,1.7648,0.884,2.2062,2.2782,2.3663
1748564242.882688,2.2027,1.962,2.1304,1.8513,1.774,1.8758,2.1562,1.9091,1.9827,2.009,1.7656,0.8819,2.2048,2.2755,2.3647
1748564242.9952588,2.203,1.9642,2.1285,1.8535,1.7756,1.8755,2.1557,1.9067,1.9813,2.0109,1.7659,0.8821,2.2032,2.276,2.3609
1748564243.109272,2.2021,1.962,2.1288,1.8535,1.7729,1.8752,2.1551,1.9069,1.977,2.0104,1.7638,0.8843,2.1987,2.2677,2.3579
1748564243.2223182,2.2,1.9609,2.1275,1.8527,1.7705,1.8744,2.1522,1.901,1.9776,2.009,1.7632,0.8824,2.1954,2.2677,2.3566
1748564243.3364701,2.2011,1.962,2.1294,1.8511,1.7705,1.875,2.1508,1.8994,1.9733,2.0093,1.7635,0.883,2.1927,2.265,2.3542
1748564243.450416,2.2019,1.9615,2.1285,1.8516,1.7689,1.8734,2.1511,1.8973,1.9738,2.0063,1.7619,0.8819,2.1919,2.2645,2.3537
1748564243.564425,2.2008,1.9625,2.1294,1.8532,1.7721,1.8726,2.1503,1.9,1.9727,2.0077,1.7608,0.8846,2.1901,2.2607,2.3547
1748564243.678422,2.2021,1.962,2.1283,1.8543,1.7721,1.8728,2.1565,1.9083,1.983,2.0087,1.7659,0.8859,2.1852,2.2621,2.3485
1748564243.7926772,2.2038,1.9617,2.1312,1.8632,1.7764,1.8777,2.1629,1.9118,1.9854,2.0189,1.7702,0.884,2.2193,2.294,2.3827
1748564243.9066722,2.2064,1.9623,2.1294,1.8742,1.7783,1.8822,2.1715,1.9209,1.9953,2.0224,1.7681,0.8832,2.2081,2.2846,2.3733
1748564244.02068,2.2064,1.9612,2.1312,1.8728,1.7772,1.8852,2.1777,1.9249,2.0023,2.0267,1.771,0.8824,2.2078,2.2852,2.3727
1748564244.134573,2.2298,1.9684,2.1479,1.9091,1.7922,1.9064,2.2263,1.9607,2.0394,2.0622,1.7992,0.8985,2.2518,2.3292,2.4111
1748564244.248757,2.2102,1.9671,2.1409,1.8701,1.7783,1.8871,2.1868,1.9378,2.0079,2.0351,1.7834,0.8894,2.2355,2.3077,2.3921
1748564244.362607,2.2156,1.9703,2.1417,1.8758,1.7844,1.8865,2.1782,1.9217,1.9975,2.0324,1.7796,0.8819,2.2083,2.2833,2.3743
1748564244.476476,2.4001,2.1433,2.3499,2.0568,1.9357,2.0351,2.2696,1.9746,2.0974,2.0885,2.1933,1.1661,2.6714,2.6653,2.7765
1748564244.590705,2.3193,2.1017,2.3185,1.9859,1.8911,2.0678,2.2419,1.9975,2.1366,1.8795,2.0469,2.2903,2.0329,2.2467,2.4275
1748564244.704414,2.2889,2.0907,2.3023,1.937,1.8602,2.0455,2.1922,1.9628,2.0987,1.8602,2.0007,2.2594,1.8774,2.1463,2.3502
1748564244.818559,2.305,2.1312,2.3335,1.9488,1.8709,2.0622,2.2715,2.0799,2.1817,1.8879,1.9341,2.2231,1.6066,1.9241,2.2121
1748564244.932995,2.1876,2.0681,2.1675,1.8465,1.8462,1.9212,2.1667,2.0823,2.1498,1.8129,1.8462,1.8975,1.396,1.583,1.1682
1748564245.046784,2.164,2.0359,2.2551,1.8266,1.7965,2.0243,2.1651,2.0426,2.1307,1.818,1.8199,2.1151,1.3004,1.5736,2.0189
1748564245.160608,2.1514,2.0469,2.2564,1.8032,1.781,2.0187,2.1713,2.0622,2.1439,1.8148,1.8075,2.1151,1.2126,1.4892,1.9985
1748564245.274634,2.1525,2.0496,2.2535,1.8156,1.796,2.0168,2.1525,2.0485,2.1296,1.7605,1.7737,2.0877,1.2287,1.5072,1.9862
1748564245.389688,2.1347,2.0224,2.2443,1.8156,1.7882,2.02,2.182,2.0622,2.1371,1.7691,1.7442,2.1081,1.2609,1.5701,2.0232
1748564245.503277,2.1105,2.0168,2.1079,1.8035,1.7793,1.965,2.0622,2.0418,2.045,1.7154,1.7141,1.8632,1.2639,1.5134,0.9971
1748564245.6172721,2.11,2.0125,2.1014,1.7689,1.7968,1.8229,2.1022,2.0391,2.0579,1.6722,1.6633,1.7466,1.2923,1.5411,0.9767
1748564245.7312052,2.0998,2.0058,2.0985,1.7409,1.7804,1.7944,2.0794,2.0348,2.0536,1.7033,1.6652,1.8962,1.2746,1.6923,1.0264
1748564245.8447628,2.2978,2.2156,2.3789,1.9967,1.9727,2.1498,2.1997,2.1011,2.1842,1.6988,1.662,2.0498,1.2112,1.5045,2.0109
1748564245.9585211,2.2134,2.1495,2.3263,1.8688,1.882,2.0928,2.1267,2.0501,2.1549,1.659,1.5534,1.9913,1.1099,1.3281,1.955
1748564246.072522,2.2124,2.1414,2.3112,1.8513,1.8564,2.0509,2.1095,2.0286,2.1248,1.6437,1.5147,1.9679,1.0895,1.3971,1.951
1748564246.186476,2.2561,2.1839,2.3375,1.8605,1.8599,2.0525,2.1148,2.0214,2.1014,1.6633,1.5051,1.9765,1.1596,1.4189,1.9448
1748564246.300607,2.2293,2.1339,2.2827,1.7947,1.818,1.9733,2.0815,1.9703,2.0437,1.7028,1.5024,1.912,1.2276,1.5859,1.728
1748564246.416391,2.2572,2.1621,2.3171,1.7922,1.8492,2.0235,2.132,2.0332,2.0622,1.7382,1.5725,1.9311,1.2338,1.5765,1.9231
1748564246.528914,2.2803,2.1568,2.3088,1.8078,1.8704,2.012,2.1672,2.0324,2.0463,1.8057,1.6356,1.9075,1.3047,1.7519,1.9633
1748564246.643275,2.2731,2.1328,2.2905,1.8629,1.9002,2.0259,2.2199,2.0899,2.0407,1.8333,1.6657,1.8728,1.237,1.8282,2.0227
1748564246.7580318,2.2905,2.1374,2.2849,1.8559,1.9072,2.0066,2.1949,2.0429,2.0023,1.858,1.763,1.8301,1.3025,1.8833,1.9991
1748564246.871496,2.1884,2.0912,2.1747,1.7334,1.8242,1.7785,1.9711,1.937,1.9179,1.7055,1.7361,1.7245,1.2442,1.6351,1.1427
1748564246.984902,2.2336,2.0891,2.268,1.8194,1.8817,2.0292,2.2172,2.085,2.0915,1.8905,1.8008,1.8844,1.424,1.8263,2.0294
1748564247.098942,2.2091,2.0592,2.2518,1.7818,1.8478,2.0262,2.1863,2.0515,2.0901,1.8932,1.7812,1.9314,1.4027,1.7793,2.0412
1748564247.212905,2.1831,2.0472,2.243,1.7662,1.8191,2.0254,2.1745,2.0332,2.0815,1.8798,1.7675,1.9663,1.3958,1.7267,2.0447
1748564247.327473,2.2508,2.1191,2.3195,1.8951,1.8634,2.0133,2.1535,2.0386,2.067,1.8734,1.7565,1.0858,1.5701,1.6276,1.875
1748564247.441686,2.2478,2.1202,2.3319,1.9016,1.8997,2.1347,2.3246,2.2269,2.294,1.8468,1.7476,2.0176,1.5854,1.6217,2.0968
1748564247.555029,2.2126,2.0799,2.3058,1.9682,1.9351,2.1551,2.304,2.1833,2.2814,1.8427,1.7409,2.0504,1.5599,1.5516,2.1014
1748564247.6698408,2.2054,2.0794,2.2768,1.8962,1.865,2.0622,2.2244,2.092,2.1594,1.811,1.6872,1.9505,1.4581,1.5865,2.0391
1748564247.782781,2.2191,2.1148,2.2782,1.8965,1.8696,2.0364,2.2134,2.0974,2.1283,1.8196,1.6856,1.8331,1.4782,1.4207,1.8922
1748564247.89919,2.2266,2.1269,2.2884,1.894,1.9088,2.0842,2.3074,2.2051,2.2696,1.7662,1.6176,1.8787,1.49,1.5669,1.9193
1748564248.010676,2.1645,2.0463,2.2352,1.8084,1.8272,2.0243,2.2148,2.1054,2.1522,1.7372,1.5765,1.8924,1.4718,1.6297,1.9744
1748564248.126847,2.1635,2.0232,2.2086,1.8422,1.8535,2.0241,2.2677,2.146,2.1965,1.8164,1.6246,1.8632,1.4205,1.6644,1.9663
1748564248.239315,2.1468,2.0326,2.1927,1.7936,1.8118,1.9722,2.2484,2.1471,2.2,1.7404,1.5317,1.7557,1.3933,1.4779,1.8492
1748564248.353739,2.1492,2.0447,2.2105,1.8129,1.8473,2.0109,2.1522,2.0493,2.0227,1.7006,1.4634,1.6389,1.4223,1.299,0.9563
1748564248.467934,2.1232,2.0361,2.1017,1.7168,1.7938,1.7758,1.9698,1.9204,1.8715,1.6354,1.4393,1.6012,1.3434,1.3622,1.0216
1748564248.582174,2.1014,2.0133,2.0614,1.702,1.7691,1.7369,1.9432,1.9045,1.8554,1.3369,1.3471,0.9858,1.2786,1.3743,0.9079
1748564248.696627,2.0901,2.0058,2.0619,1.6888,1.757,1.7396,1.9889,1.9475,1.9099,1.605,1.4428,1.5599,1.3127,1.4003,0.8942
1748564248.81019,2.0861,1.9985,2.0579,1.6791,1.7452,1.7358,2.0622,2.0292,2.016,1.6144,1.4745,1.5757,1.3418,1.4111,0.8929
1748564248.923379,2.0848,1.9958,2.0603,1.6665,1.7412,1.7288,2.0622,2.0206,2.0109,1.6375,1.5486,1.6026,1.338,1.4473,0.8926
1748564249.037289,2.0721,1.9811,2.0485,1.6652,1.727,1.7165,2.0856,2.0241,2.0251,1.6383,1.5612,1.6058,1.3479,1.4258,0.8921
1748564249.151627,2.153,2.0402,2.114,1.7538,1.8014,1.7998,2.232,2.1476,2.1659,1.7984,1.6977,1.731,1.4624,1.4747,0.8942
1748564249.266496,2.1288,2.0198,2.0958,1.7431,1.7839,1.7998,2.1672,2.0697,2.1474,1.8089,1.6902,1.8575,1.4347,1.5421,1.3799
1748564249.378718,2.1036,1.9991,2.0603,1.7135,1.7533,1.745,2.1409,2.0504,2.0622,1.7442,1.6386,1.6888,1.3917,1.4027,0.8926
1748564249.49279,2.1022,1.9926,2.0603,1.7138,1.757,1.7525,2.1487,2.0552,2.0823,1.7861,1.7385,1.745,1.4135,1.4532,0.8913
1748564249.606775,2.1017,1.9926,2.0598,1.7055,1.7476,1.7404,2.1213,2.0359,2.0515,1.775,1.7267,1.7305,1.4135,1.4403,0.8918
1748564249.720832,2.102,1.9883,2.0541,1.7082,1.7401,1.7347,2.1318,2.0418,2.0592,1.7807,1.7143,1.727,1.4135,1.4234,0.8905
1748564249.834867,2.0982,1.9907,2.0555,1.7165,1.745,1.7393,2.1197,2.0332,2.0498,1.7702,1.7012,1.7356,1.3912,1.4237,0.8916
1748564249.948902,2.0936,1.9838,2.0509,1.7734,1.8059,1.8008,2.1705,2.0896,2.114,1.767,1.7028,1.7294,1.3753,1.4495,0.9211
1748564250.0629609,2.0622,1.9625,2.0318,1.8062,1.8317,1.8186,2.1796,2.1087,2.1275,1.7949,1.7162,1.7487,1.3184,1.4591,0.8977
1748564250.1769679,2.0971,2.0015,2.0622,1.7928,1.818,1.8065,2.1699,2.1046,2.1269,1.7718,1.7076,1.7423,1.2545,1.4758,0.9211
1748564250.2925131,2.1046,2.0211,2.0864,1.7409,1.7726,1.8183,2.1747,2.0823,2.1597,1.8293,1.702,1.9099,1.2332,1.5207,1.0919
1748564250.4232252,2.113,1.9881,2.0681,1.7407,1.7554,1.9701,2.2102,2.0842,2.139,1.8341,1.7138,1.8696,1.219,1.6383,1.3901
1748564250.519047,2.0979,1.9843,2.1893,1.7442,1.7597,1.9851,2.218,2.1022,2.1549,1.8371,1.727,1.883,1.2099,1.5693,1.9612
1748564250.632776,2.1224,1.9676,2.179,1.742,1.7656,1.9738,2.2599,2.114,2.171,1.8701,1.7624,1.9432,1.2244,1.7839,2.0367
1748564250.7480729,2.196,2.0356,2.2438,1.8102,1.8438,2.0335,2.258,2.1151,2.196,1.742,1.7337,1.9558,1.471,1.865,2.0958
1748564250.8617768,2.1879,2.0482,2.2618,1.8438,1.8653,2.0558,2.24,2.1057,2.1882,1.6093,1.691,1.9741,1.5086,1.8446,2.1044
1748564250.976567,2.1793,2.034,2.2602,1.8186,1.8414,2.0617,2.2164,2.0888,2.164,1.5986,1.6123,1.9856,1.3291,1.8186,2.0979
1748564251.089663,2.193,2.0966,2.2895,1.836,1.8758,2.0681,2.1949,2.0926,2.1793,1.5969,1.5212,1.9088,1.1658,1.6115,1.9983
1748564251.202827,2.1484,2.045,2.2161,1.7425,1.8344,1.9776,2.1925,2.0939,2.1541,1.5846,1.4986,1.7737,1.165,1.6397,1.8822
1748564251.316849,2.1565,2.0622,2.2091,1.6724,1.7906,1.9244,2.1315,2.0361,2.0402,1.6077,1.4557,1.7345,1.1215,1.6018,1.4331
1748564251.431638,2.2172,2.1114,2.265,1.6598,1.8014,1.9827,2.102,1.9513,1.922,1.7146,1.4468,1.8435,1.212,1.7525,1.9795
1748564251.545523,2.1404,2.0622,2.1291,1.6265,1.7922,1.7012,1.9341,1.9225,1.879,1.605,1.4296,1.5859,1.2241,1.5529,0.902
1748564251.6590679,2.215,2.1578,2.2059,1.6386,1.8081,1.7299,1.8833,1.8734,1.796,1.6206,1.403,1.5892,1.2762,1.511,0.9085
1748564251.774039,2.1914,2.0926,2.2231,1.5924,1.7796,1.7114,1.8645,1.8468,1.7447,1.7095,1.4428,1.7197,1.3753,1.7683,1.9257
1748564251.88721,2.215,2.0853,2.2709,1.9002,1.9359,2.1092,2.2301,2.1253,2.2075,1.6888,1.6859,1.8887,1.5322,1.7772,2.0813
1748564252.0021079,2.2322,2.0979,2.2903,1.933,1.9502,2.1487,2.2827,2.167,2.2736,1.6526,1.7511,1.9625,1.6963,1.8838,2.1495
1748564252.1167748,2.2048,2.0378,2.2443,1.9341,1.9354,2.0993,2.2567,2.1154,2.2102,1.6437,1.8027,1.9212,1.9462,2.0308,2.2325
1748564252.22971,2.2277,2.0891,2.2806,1.937,1.9322,2.1261,2.2704,2.1146,2.1285,1.7262,1.7291,1.691,1.2958,1.6577,0.9375
1748564252.3431098,2.2035,2.0732,2.2457,1.7879,1.8634,1.8261,2.114,1.9518,1.8777,1.8312,1.6168,1.7673,1.2206,1.7396,1.9897
1748564252.457815,2.1433,2.0463,2.1764,1.745,1.8317,1.8341,1.8454,1.8242,1.7536,1.6695,1.5483,1.5994,1.1873,1.4857,0.9184
1748564252.571083,2.1525,2.0848,2.139,1.7415,1.8293,1.7713,1.8062,1.7871,1.7178,1.6652,1.519,1.5811,1.1975,1.4739,0.9047
1748564252.685293,2.1876,2.102,2.2191,1.7909,1.9206,1.9381,2.0396,1.9827,1.9709,1.8194,1.6794,1.7716,1.3461,1.7022,1.1497
1748564252.7992299,2.1277,2.0114,2.2435,1.8188,1.865,2.1127,2.2046,2.1073,2.2113,1.7732,1.71,2.016,1.2238,1.6362,2.0622
1748564252.913339,2.1535,2.0165,2.2567,1.9486,1.9445,2.1535,2.2107,2.0909,2.1796,1.7976,1.7178,2.0028,1.5349,1.7262,2.1009
